1,Italiano,Deon,212-245-2823,deon.italiano@somerandomemailhosting.com
2,Ebner,Neville,584-519-2814,neville.ebner@somerandomemailhosting.com
3,Haskin,Lorenzo,296-183-4435,lorenzo.haskin@somerandomemailhosting.com
4,Rusek,Fermin,698-351-6439,fermin.rusek@somerandomemailhosting.com
5,Peasley,Guy,571-390-8788,guy.peasley@somerandomemailhosting.com
6,Neeson,Dean,281-471-4480,dean.neeson@somerandomemailhosting.com
7,Hassinger,Armand,708-773-1377,armand.hassinger@somerandomemailhosting.com
8,Wolfram,Dwayne,616-270-9796,dwayne.wolfram@somerandomemailhosting.com
9,Counts,Rayford,645-500-9929,rayford.counts@somerandomemailhosting.com
10,Revard,Irvin,301-372-4646,irvin.revard@somerandomemailhosting.com
11,Rolling,Matha,441-497-4222,matha.rolling@somerandomemailhosting.com
12,Capetillo,Kizzie,785-841-2839,kizzie.capetillo@somerandomemailhosting.com
13,Capo,Joye,404-191-4190,joye.capo@somerandomemailhosting.com
14,Payne,Ranae,163-532-6207,ranae.payne@somerandomemailhosting.com
15,Kondo,Noriko,271-700-8400,noriko.kondo@somerandomemailhosting.com
16,Dunkelberger,Melanie,637-269-6923,melanie.dunkelberger@somerandomemailhosting.com
17,Annis,April,469-679-9358,april.annis@somerandomemailhosting.com
18,Matta,Dori,413-190-1741,dori.matta@somerandomemailhosting.com
19,Tarlton,Lizabeth,886-528-4828,lizabeth.tarlton@somerandomemailhosting.com
20,Aceuedo,Florine,979-268-8011,florine.aceuedo@somerandomemailhosting.com